{"1": {"coord": [116.51135, 39.938829999999996], "thres": 0.0970730865718077}, "2": {"coord": [116.37481000000001, 39.88782], "thres": 0.05997734494957935}, "3": {"coord": [116.35732, 39.897259999999996], "thres": 0.04420604279808425}, "4": {"coord": [116.44422, 39.92078], "thres": 0.04463579771811027}, "5": {"coord": [116.62933999999998, 39.82725], "thres": 0.18532333287462827}, "6": {"coord": [116.3636, 39.92648], "thres": 0.03381947752280354}, "7": {"coord": [116.7666, 39.8027], "thres": 0.31809755894240727}, "8": {"coord": [116.36606, 39.684090000000005], "thres": 0.22484122052813227}, "9": {"coord": [116.36431999999999, 39.99978], "thres": 0.033388460281041824}, "10": {"coord": [116.44043, 39.9219], "thres": 0.04115752449896706}, "11": {"coord": [116.35028, 39.917590000000004], "thres": 0.043119807266776985}, "12": {"coord": [116.41096, 40.00462], "thres": 0.06377147262197755}, "13": {"coord": [116.3504, 39.91888], "thres": 0.043318815781531544}, "14": {"coord": [116.28148999999999, 39.91596], "thres": 0.050637062719755585}, "15": {"coord": [116.40121, 39.9139], "thres": 0.0323784511317947}, "16": {"coord": [116.47997, 39.97353], "thres": 0.06338066879283166}, "17": {"coord": [116.07255, 38.90313], "thres": 0.9972567807965536}, "18": {"coord": [116.39721999999999, 39.93427], "thres": 0.0440660335325173}, "19": {"coord": [116.31505, 39.90358], "thres": 0.03899644895698745}, "20": {"coord": [116.34326000000001, 39.87565], "thres": 0.04852063751811006}, "21": {"coord": [116.5662, 40.07107], "thres": 0.15234159227704677}, "22": {"coord": [117.1437, 40.18417], "thres": 0.3356502744224803}, "23": {"coord": [116.47761000000001, 39.96086], "thres": 0.060563475143380396}, "24": {"coord": [116.3795, 39.9868], "thres": 0.03425778911216623}, "25": {"coord": [116.28301, 39.95673], "thres": 0.036141972237167974}, "26": {"coord": [116.30233, 39.9226], "thres": 0.030333344366543235}, "27": {"coord": [116.44434, 39.92516], "thres": 0.041770860471232865}, "28": {"coord": [116.41063, 40.00148], "thres": 0.06145724180285103}, "29": {"coord": [116.33487, 39.896], "thres": 0.042155826613830286}, "30": {"coord": [116.3212, 39.9836], "thres": 0.05814699919607573}, "31": {"coord": [116.43465, 39.94712], "thres": 0.021443286443780626}, "32": {"coord": [116.39322, 39.9674], "thres": 0.03915705590217754}, "33": {"coord": [116.33835, 39.93119], "thres": 0.03387649113810896}, "34": {"coord": [116.40228, 39.85352], "thres": 0.0842727329916058}, "35": {"coord": [116.41085, 39.93338], "thres": 0.030563824549949745}, "36": {"coord": [116.45246999999999, 39.921490000000006], "thres": 0.050369022914248926}, "37": {"coord": [116.48376999999999, 39.97255], "thres": 0.06705583821602386}, "38": {"coord": [116.42511999999999, 39.90668], "thres": 0.03399660449350006}, "39": {"coord": [116.28015, 39.92321], "thres": 0.04781986376576303}, "40": {"coord": [116.42195, 39.83889], "thres": 0.0883515551929203}, "41": {"coord": [116.44438999999998, 39.86694], "thres": 0.05508892681524964}, "42": {"coord": [116.48888999999998, 39.9705], "thres": 0.07198731677386676}, "43": {"coord": [116.46635, 39.93258], "thres": 0.056315440740490816}, "44": {"coord": [116.31823, 39.96545], "thres": 0.0406343813124614}, "45": {"coord": [116.90536000000002, 40.139590000000005], "thres": 0.2851397460652887}, "46": {"coord": [116.35797, 39.9446], "thres": 0.027567473576847013}, "47": {"coord": [116.82003, 40.16303], "thres": 0.3356258603575329}, "48": {"coord": [116.43916999999999, 39.94952], "thres": 0.02467279718580188}, "49": {"coord": [116.40278, 39.92836], "thres": 0.03927074794072506}, "50": {"coord": [116.4664, 39.9476], "thres": 0.051309850348014}, "51": {"coord": [116.32695, 39.98502], "thres": 0.05706308689216898}, "52": {"coord": [116.38087, 39.84874], "thres": 0.09476623670703865}, "53": {"coord": [116.47183999999999, 39.9018], "thres": 0.0695537497382246}, "54": {"coord": [116.34281000000001, 39.88921], "thres": 0.041226774838027225}, "55": {"coord": [116.37451000000001, 39.881879999999995], "thres": 0.06509387670498763}, "56": {"coord": [116.44434, 39.92434], "thres": 0.042310199673421575}, "57": {"coord": [116.30212, 39.90739], "thres": 0.04201411041703862}, "58": {"coord": [116.38982, 39.95561], "thres": 0.034637882991395974}, "59": {"coord": [116.40165, 39.95711], "thres": 0.04241296913906481}, "60": {"coord": [116.32256000000001, 39.89481], "thres": 0.04501766323562195}, "61": {"coord": [116.4286, 39.9137], "thres": 0.040511344470872665}, "62": {"coord": [116.45912, 39.9425], "thres": 0.04582047684437898}, "63": {"coord": [116.49413, 40.16258], "thres": 0.20190065124633158}, "64": {"coord": [116.42805, 39.93378], "thres": 0.024012502088383524}, "65": {"coord": [116.46323999999998, 39.94321], "thres": 0.049483788209234825}, "66": {"coord": [116.41245, 39.94802], "thres": 0.029641374642602036}, "67": {"coord": [116.39075, 39.84218], "thres": 0.10015461974635127}, "68": {"coord": [116.41205, 39.90602], "thres": 0.03922377910969674}, "69": {"coord": [116.44993999999998, 39.98095], "thres": 0.035492145363519356}, "70": {"coord": [116.65087, 40.13568], "thres": 0.16478130107945296}, "71": {"coord": [116.29521000000001, 40.04432], "thres": 0.11196666177370639}, "72": {"coord": [116.40183, 39.95213], "thres": 0.040897831084291306}, "73": {"coord": [116.42893000000001, 39.8452], "thres": 0.08009431233876889}, "74": {"coord": [116.42635, 39.95013], "thres": 0.01677608750504481}, "75": {"coord": [116.3174, 39.90648], "thres": 0.03542207564872307}, "76": {"coord": [116.46248, 39.996109999999994], "thres": 0.05291653199197324}, "77": {"coord": [116.3505, 39.90327], "thres": 0.03669443606228996}, "78": {"coord": [116.36275, 40.00424], "thres": 0.03647123821149793}, "79": {"coord": [116.40775, 40.07954], "thres": 0.09759354514961291}, "80": {"coord": [116.41795, 39.9942], "thres": 0.05123554146719224}, "81": {"coord": [116.47585, 39.96177], "thres": 0.05877035152375418}, "82": {"coord": [117.27608000000001, 40.71306], "thres": 0.7274302956235946}, "83": {"coord": [116.31387, 39.97968], "thres": 0.051691735344687684}, "84": {"coord": [116.27003, 39.94562], "thres": 0.04993632040939816}, "85": {"coord": [116.41163999999999, 39.90975], "thres": 0.0375403558672997}, "86": {"coord": [116.38978999999999, 39.90632], "thres": 0.04065792662063769}, "87": {"coord": [116.41111000000001, 39.92475], "thres": 0.031968798924435965}, "88": {"coord": [116.43829, 39.92192], "thres": 0.039668599936254684}, "89": {"coord": [116.45998999999999, 39.94634], "thres": 0.04545031727698544}, "90": {"coord": [116.43028999999999, 40.035959999999996], "thres": 0.06017848233508295}, "91": {"coord": [116.24659, 39.895559999999996], "thres": 0.09094462440791619}, "92": {"coord": [117.24063999999998, 40.20623], "thres": 0.43454767858793847}, "93": {"coord": [116.41243, 39.89185], "thres": 0.048037807540836336}, "94": {"coord": [116.48961000000001, 39.91444], "thres": 0.08529224846887352}, "95": {"coord": [116.35943999999999, 39.97348], "thres": 0.022703045939451025}, "96": {"coord": [116.21506000000001, 39.90574], "thres": 0.11407736473413448}, "97": {"coord": [117.10966, 40.144], "thres": 0.29956225851761686}, "98": {"coord": [116.39133999999999, 39.95001], "thres": 0.03649990971630637}, "99": {"coord": [117.10387, 40.14533], "thres": 0.2937662661344186}, "100": {"coord": [116.47115, 39.87062], "thres": 0.06173947129848531}}