{"1": {"coord": [116.51135, 39.938829999999996], "thres": 0.08466082192332777}, "2": {"coord": [116.37481000000001, 39.88782], "thres": 0.05838196990620213}, "3": {"coord": [116.35732, 39.897259999999996], "thres": 0.07090558482096278}, "4": {"coord": [116.44422, 39.92078], "thres": 0.04214293761054477}, "5": {"coord": [116.62933999999998, 39.82725], "thres": 0.20126031149132803}, "6": {"coord": [116.3636, 39.92648], "thres": 0.06233616477600824}, "7": {"coord": [116.7666, 39.8027], "thres": 0.33020238069720126}, "8": {"coord": [116.36606, 39.684090000000005], "thres": 0.22019011553488538}, "9": {"coord": [116.36431999999999, 39.99978], "thres": 0.08819796034662959}, "10": {"coord": [116.44043, 39.9219], "thres": 0.043760620052122966}, "11": {"coord": [116.35028, 39.917590000000004], "thres": 0.06927034727495551}, "12": {"coord": [116.41096, 40.00462], "thres": 0.07607568964935152}, "13": {"coord": [116.3504, 39.91888], "thres": 0.06876339131706716}, "14": {"coord": [116.28148999999999, 39.91596], "thres": 0.06093681646230538}, "15": {"coord": [116.40121, 39.9139], "thres": 0.056384216971749494}, "16": {"coord": [116.47997, 39.97353], "thres": 0.07479251161251275}, "17": {"coord": [116.07255, 38.90313], "thres": 0.9699169865843111}, "18": {"coord": [116.39721999999999, 39.93427], "thres": 0.05397019949153636}, "19": {"coord": [116.31505, 39.90358], "thres": 0.053503019894062476}, "20": {"coord": [116.34326000000001, 39.87565], "thres": 0.0772707170257633}, "21": {"coord": [116.5662, 40.07107], "thres": 0.14742394877513923}, "22": {"coord": [117.1437, 40.18417], "thres": 0.5114396877494592}, "23": {"coord": [116.47761000000001, 39.96086], "thres": 0.0643177519454129}, "24": {"coord": [116.3795, 39.9868], "thres": 0.08209760389821104}, "25": {"coord": [116.28301, 39.95673], "thres": 0.07749905096230912}, "26": {"coord": [116.30233, 39.9226], "thres": 0.042712082443206886}, "27": {"coord": [116.44434, 39.92516], "thres": 0.038715969113958984}, "28": {"coord": [116.41063, 40.00148], "thres": 0.07439903525278067}, "29": {"coord": [116.33487, 39.896], "thres": 0.07109411182869864}, "30": {"coord": [116.3212, 39.9836], "thres": 0.07148345170157988}, "31": {"coord": [116.43465, 39.94712], "thres": 0.035853676187237817}, "32": {"coord": [116.39322, 39.9674], "thres": 0.058338208028471436}, "33": {"coord": [116.33835, 39.93119], "thres": 0.05260963682380048}, "34": {"coord": [116.40228, 39.85352], "thres": 0.06682247887201895}, "35": {"coord": [116.41085, 39.93338], "thres": 0.05712611064236871}, "36": {"coord": [116.45246999999999, 39.921490000000006], "thres": 0.036942183908394925}, "37": {"coord": [116.48376999999999, 39.97255], "thres": 0.0767592934606752}, "38": {"coord": [116.42511999999999, 39.90668], "thres": 0.06533722601619095}, "39": {"coord": [116.28015, 39.92321], "thres": 0.06386791236184684}, "40": {"coord": [116.42195, 39.83889], "thres": 0.07691733770064986}, "41": {"coord": [116.44438999999998, 39.86694], "thres": 0.06454839725924359}, "42": {"coord": [116.48888999999998, 39.9705], "thres": 0.07915575697236492}, "43": {"coord": [116.46635, 39.93258], "thres": 0.03979384093092415}, "44": {"coord": [116.31823, 39.96545], "thres": 0.06339418841843944}, "45": {"coord": [116.90536000000002, 40.139590000000005], "thres": 0.27062999698541507}, "46": {"coord": [116.35797, 39.9446], "thres": 0.05633403015375714}, "47": {"coord": [116.82003, 40.16303], "thres": 0.32132912355077115}, "48": {"coord": [116.43916999999999, 39.94952], "thres": 0.03202466492252436}, "49": {"coord": [116.40278, 39.92836], "thres": 0.06037550471351271}, "50": {"coord": [116.4664, 39.9476], "thres": 0.047249405053172704}, "51": {"coord": [116.32695, 39.98502], "thres": 0.06563553093905766}, "52": {"coord": [116.38087, 39.84874], "thres": 0.06565579920749894}, "53": {"coord": [116.47183999999999, 39.9018], "thres": 0.05161995083506891}, "54": {"coord": [116.34281000000001, 39.88921], "thres": 0.08141812273538121}, "55": {"coord": [116.37451000000001, 39.881879999999995], "thres": 0.06177254612882689}, "56": {"coord": [116.44434, 39.92434], "thres": 0.03932901943617058}, "57": {"coord": [116.30212, 39.90739], "thres": 0.044798346844315745}, "58": {"coord": [116.38982, 39.95561], "thres": 0.05138028473216776}, "59": {"coord": [116.40165, 39.95711], "thres": 0.045098540031383146}, "60": {"coord": [116.32256000000001, 39.89481], "thres": 0.0648661625988396}, "61": {"coord": [116.4286, 39.9137], "thres": 0.05790002009644864}, "62": {"coord": [116.45912, 39.9425], "thres": 0.03837088800226791}, "63": {"coord": [116.49413, 40.16258], "thres": 0.19718310869214245}, "64": {"coord": [116.42805, 39.93378], "thres": 0.04661433753762331}, "65": {"coord": [116.46323999999998, 39.94321], "thres": 0.042097753700433664}, "66": {"coord": [116.41245, 39.94802], "thres": 0.04385511393486856}, "67": {"coord": [116.39075, 39.84218], "thres": 0.07671763472313373}, "68": {"coord": [116.41205, 39.90602], "thres": 0.06656764318103973}, "69": {"coord": [116.44993999999998, 39.98095], "thres": 0.054310424584043206}, "70": {"coord": [116.65087, 40.13568], "thres": 0.2522397605428589}, "71": {"coord": [116.29521000000001, 40.04432], "thres": 0.11099959261483969}, "72": {"coord": [116.40183, 39.95213], "thres": 0.04090202586227915}, "73": {"coord": [116.42893000000001, 39.8452], "thres": 0.07044197648066655}, "74": {"coord": [116.42635, 39.95013], "thres": 0.04354087373874788}, "75": {"coord": [116.3174, 39.90648], "thres": 0.05223835866519226}, "76": {"coord": [116.46248, 39.996109999999994], "thres": 0.0663494399787477}, "77": {"coord": [116.3505, 39.90327], "thres": 0.07615325114640657}, "78": {"coord": [116.36275, 40.00424], "thres": 0.0893480624718503}, "79": {"coord": [116.40775, 40.07954], "thres": 0.1375727381244517}, "80": {"coord": [116.41795, 39.9942], "thres": 0.0641846133243072}, "81": {"coord": [116.47585, 39.96177], "thres": 0.06360222206418324}, "82": {"coord": [117.27608000000001, 40.71306], "thres": 0.8641204940170181}, "83": {"coord": [116.31387, 39.97968], "thres": 0.0782174709237792}, "84": {"coord": [116.27003, 39.94562], "thres": 0.08187780169036406}, "85": {"coord": [116.41163999999999, 39.90975], "thres": 0.06630824760892412}, "86": {"coord": [116.38978999999999, 39.90632], "thres": 0.04431714845932741}, "87": {"coord": [116.41111000000001, 39.92475], "thres": 0.06552163930162865}, "88": {"coord": [116.43829, 39.92192], "thres": 0.04522930221330316}, "89": {"coord": [116.45998999999999, 39.94634], "thres": 0.04149348196098967}, "90": {"coord": [116.43028999999999, 40.035959999999996], "thres": 0.08850902334881348}, "91": {"coord": [116.24659, 39.895559999999996], "thres": 0.09536962304235896}, "92": {"coord": [117.24063999999998, 40.20623], "thres": 0.6102171246022535}, "93": {"coord": [116.41243, 39.89185], "thres": 0.06820938063324249}, "94": {"coord": [116.48961000000001, 39.91444], "thres": 0.06036758658493168}, "95": {"coord": [116.35943999999999, 39.97348], "thres": 0.06818617655140416}, "96": {"coord": [116.21506000000001, 39.90574], "thres": 0.12642957069502994}, "97": {"coord": [117.10966, 40.144], "thres": 0.47497728966510566}, "98": {"coord": [116.39133999999999, 39.95001], "thres": 0.046411491040404554}, "99": {"coord": [117.10387, 40.14533], "thres": 0.4692214941046997}, "100": {"coord": [116.47115, 39.87062], "thres": 0.08280043711102866}}