{"centers": [[117.129885, 40.25539666666666], [116.34896750000001, 39.905063750000004], [116.44604999999999, 39.93767257142857], [116.41320111111109, 39.838003333333326], [116.309745, 39.9858], [116.39438928571427, 39.99016857142857], [116.69797, 39.814975000000004], [116.6328075, 40.13309], [116.07255, 38.90313], [116.27111000000001, 39.91658285714285]], "classification": {"1": {"coord": [116.51135, 39.938829999999996], "thres": 0.10971395762846449}, "2": {"coord": [116.37481000000001, 39.88782], "thres": 0.0448753654982291}, "3": {"coord": [116.35732, 39.897259999999996], "thres": 0.0634316665943545}, "4": {"coord": [116.44422, 39.92078], "thres": 0.06740957665211118}, "5": {"coord": [116.62933999999998, 39.82725], "thres": 0.19596415035331582}, "6": {"coord": [116.3636, 39.92648], "thres": 0.05272245303926815}, "7": {"coord": [116.7666, 39.8027], "thres": 0.3297892526622363}, "8": {"coord": [116.36606, 39.684090000000005], "thres": 0.20361580554082337}, "9": {"coord": [116.36431999999999, 39.99978], "thres": 0.03831910140602186}, "10": {"coord": [116.44043, 39.9219], "thres": 0.06432483362581601}, "11": {"coord": [116.35028, 39.917590000000004], "thres": 0.06115838779036177}, "12": {"coord": [116.41096, 40.00462], "thres": 0.0575681334406037}, "13": {"coord": [116.3504, 39.91888], "thres": 0.06028342146426993}, "14": {"coord": [116.28148999999999, 39.91596], "thres": 0.050333582331319834}, "15": {"coord": [116.40121, 39.9139], "thres": 0.03496649028687707}, "16": {"coord": [116.47997, 39.97353], "thres": 0.06916512666510724}, "17": {"coord": [116.07255, 38.90313], "thres": 0.9769851623180984}, "18": {"coord": [116.39721999999999, 39.93427], "thres": 0.03795218147351906}, "19": {"coord": [116.31505, 39.90358], "thres": 0.02780553371988963}, "20": {"coord": [116.34326000000001, 39.87565], "thres": 0.06141138796341816}, "21": {"coord": [116.5662, 40.07107], "thres": 0.1615116353807212}, "22": {"coord": [117.1437, 40.18417], "thres": 0.4954216697314264}, "23": {"coord": [116.47761000000001, 39.96086], "thres": 0.07021281358530075}, "24": {"coord": [116.3795, 39.9868], "thres": 0.051744149558671584}, "25": {"coord": [116.28301, 39.95673], "thres": 0.023855638134656718}, "26": {"coord": [116.30233, 39.9226], "thres": 0.031807442043220294}, "27": {"coord": [116.44434, 39.92516], "thres": 0.06396483516993867}, "28": {"coord": [116.41063, 40.00148], "thres": 0.05496118683444136}, "29": {"coord": [116.33487, 39.896], "thres": 0.04898191935629115}, "30": {"coord": [116.3212, 39.9836], "thres": 0.05546543368354771}, "31": {"coord": [116.43465, 39.94712], "thres": 0.04092351756461217}, "32": {"coord": [116.39322, 39.9674], "thres": 0.04260152428863245}, "33": {"coord": [116.33835, 39.93119], "thres": 0.043630162206539924}, "34": {"coord": [116.40228, 39.85352], "thres": 0.056137095226528155}, "35": {"coord": [116.41085, 39.93338], "thres": 0.04110809262435465}, "36": {"coord": [116.45246999999999, 39.921490000000006], "thres": 0.07192705158231089}, "37": {"coord": [116.48376999999999, 39.97255], "thres": 0.07308261944083791}, "38": {"coord": [116.42511999999999, 39.90668], "thres": 0.05168524199750503}, "39": {"coord": [116.28015, 39.92321], "thres": 0.05121616519374557}, "40": {"coord": [116.42195, 39.83889], "thres": 0.08049802379909038}, "41": {"coord": [116.44438999999998, 39.86694], "thres": 0.05273402973254526}, "42": {"coord": [116.48888999999998, 39.9705], "thres": 0.07850782154088466}, "43": {"coord": [116.46635, 39.93258], "thres": 0.07414915596326832}, "44": {"coord": [116.31823, 39.96545], "thres": 0.04974106325757652}, "45": {"coord": [116.90536000000002, 40.139590000000005], "thres": 0.2546119789673827}, "46": {"coord": [116.35797, 39.9446], "thres": 0.040316012135730245}, "47": {"coord": [116.82003, 40.16303], "thres": 0.30531110553275315}, "48": {"coord": [116.43916999999999, 39.94952], "thres": 0.04246023204862105}, "49": {"coord": [116.40278, 39.92836], "thres": 0.04062070997220529}, "50": {"coord": [116.4664, 39.9476], "thres": 0.0656337975355569}, "51": {"coord": [116.32695, 39.98502], "thres": 0.04961751292102548}, "52": {"coord": [116.38087, 39.84874], "thres": 0.04671322884400478}, "53": {"coord": [116.47183999999999, 39.9018], "thres": 0.06863377923918201}, "54": {"coord": [116.34281000000001, 39.88921], "thres": 0.058729381339640424}, "55": {"coord": [116.37451000000001, 39.881879999999995], "thres": 0.0404812465652892}, "56": {"coord": [116.44434, 39.92434], "thres": 0.06461656719895134}, "57": {"coord": [116.30212, 39.90739], "thres": 0.02888720232379106}, "58": {"coord": [116.38982, 39.95561], "thres": 0.041003708860763155}, "59": {"coord": [116.40165, 39.95711], "thres": 0.03045025644546773}, "60": {"coord": [116.32256000000001, 39.89481], "thres": 0.03784932314086663}, "61": {"coord": [116.4286, 39.9137], "thres": 0.05922906039572115}, "62": {"coord": [116.45912, 39.9425], "thres": 0.06237077519335671}, "63": {"coord": [116.49413, 40.16258], "thres": 0.18116509067413153}, "64": {"coord": [116.42805, 39.93378], "thres": 0.0476532441442136}, "65": {"coord": [116.46323999999998, 39.94321], "thres": 0.06532181812452127}, "66": {"coord": [116.41245, 39.94802], "thres": 0.027837095916856142}, "67": {"coord": [116.39075, 39.84218], "thres": 0.057481275490673805}, "68": {"coord": [116.41205, 39.90602], "thres": 0.04507172932899407}, "69": {"coord": [116.44993999999998, 39.98095], "thres": 0.0382924065660392}, "70": {"coord": [116.65087, 40.13568], "thres": 0.2668647195591732}, "71": {"coord": [116.29521000000001, 40.04432], "thres": 0.0949815745968092}, "72": {"coord": [116.40183, 39.95213], "thres": 0.028505370088355287}, "73": {"coord": [116.42893000000001, 39.8452], "thres": 0.07602596566308578}, "74": {"coord": [116.42635, 39.95013], "thres": 0.03321258279531057}, "75": {"coord": [116.3174, 39.90648], "thres": 0.02936163819061958}, "76": {"coord": [116.46248, 39.996109999999994], "thres": 0.05033142196074385}, "77": {"coord": [116.3505, 39.90327], "thres": 0.062480455665054085}, "78": {"coord": [116.36275, 40.00424], "thres": 0.038102955111464304}, "79": {"coord": [116.40775, 40.07954], "thres": 0.11759970805419594}, "80": {"coord": [116.41795, 39.9942], "thres": 0.04510852299997871}, "81": {"coord": [116.47585, 39.96177], "thres": 0.06825090356515742}, "82": {"coord": [117.27608000000001, 40.71306], "thres": 0.8481024759989846}, "83": {"coord": [116.31387, 39.97968], "thres": 0.05820315382245443}, "84": {"coord": [116.27003, 39.94562], "thres": 0.0384772351011604}, "85": {"coord": [116.41163999999999, 39.90975], "thres": 0.04482944171831148}, "86": {"coord": [116.38978999999999, 39.90632], "thres": 0.04638828086014296}, "87": {"coord": [116.41111000000001, 39.92475], "thres": 0.04716816721560048}, "88": {"coord": [116.43829, 39.92192], "thres": 0.06313085884936362}, "89": {"coord": [116.45998999999999, 39.94634], "thres": 0.06087683218315908}, "90": {"coord": [116.43028999999999, 40.035959999999996], "thres": 0.08152491852286818}, "91": {"coord": [116.24659, 39.895559999999996], "thres": 0.08479965444307276}, "92": {"coord": [117.24063999999998, 40.20623], "thres": 0.5941991065842204}, "93": {"coord": [116.41243, 39.89185], "thres": 0.03881518048713101}, "94": {"coord": [116.48961000000001, 39.91444], "thres": 0.09006011257439879}, "95": {"coord": [116.35943999999999, 39.97348], "thres": 0.03318135136284894}, "96": {"coord": [116.21506000000001, 39.90574], "thres": 0.10597735619005094}, "97": {"coord": [117.10966, 40.144], "thres": 0.45895927164707323}, "98": {"coord": [116.39133999999999, 39.95001], "thres": 0.0380658142668311}, "99": {"coord": [117.10387, 40.14533], "thres": 0.45320347608666733}, "100": {"coord": [116.47115, 39.87062], "thres": 0.05357847166676871}}}